CREATE TABLE FILM2 (
    ID_FILM VARCHAR2(10) PRIMARY KEY,
    JUDUL VARCHAR2(100),
    SINOPSIS CLOB,
    RATING VARCHAR2(10),
    DURASI VARCHAR2(20)
);

INSERT INTO FILM2 (ID_FILM, JUDUL, SINOPSIS, RATING, DURASI)
VALUES (
    'F001',
    'Spider-Man: Far From Home',
    'Film lanjutan setelah Avengers Endgame...',
    'PG-13',
    '2h 9min'
);
SELECT * FROM FILM2;

CREATE TABLE THEATER2 (
    ID_THEATER VARCHAR2(10) PRIMARY KEY,
    KELAS VARCHAR2(20),
    KAPASITAS NUMBER,
    HARGA NUMBER
);

INSERT INTO THEATER2 (ID_THEATER, KELAS, KAPASITAS, HARGA)
VALUES ('T1', 'REGULER', 10, 35000);

INSERT INTO THEATER2 (ID_THEATER, KELAS, KAPASITAS, HARGA)
VALUES ('T2', 'REGULER', 20, 50000);

SELECT * FROM THEATER2;

CREATE TABLE INVENTORI2 (
    ID_KURSI VARCHAR2(10) PRIMARY KEY,
    ID_THEATER VARCHAR2(10),
    BARIS CHAR(1),
    NOMOR NUMBER,
    
    CONSTRAINT INV_FK_THEATER 
    FOREIGN KEY (ID_THEATER) REFERENCES THEATER2(ID_THEATER)
);

INSERT INTO INVENTORI2 VALUES ('K1','T1','A',1);
INSERT INTO INVENTORI2 VALUES ('K2','T1','A',2);
INSERT INTO INVENTORI2 VALUES ('K3','T1','B',1);
INSERT INTO INVENTORI2 VALUES ('K4','T1','B',2);
INSERT INTO INVENTORI2 VALUES ('K5','T1','C',1);
INSERT INTO INVENTORI2 VALUES ('K6','T1','C',2);
INSERT INTO INVENTORI2 VALUES ('K7','T1','D',1);
INSERT INTO INVENTORI2 VALUES ('K8','T1','D',2);
INSERT INTO INVENTORI2 VALUES ('K9','T1','E',1);
INSERT INTO INVENTORI2 VALUES ('K10','T1','E',2);

INSERT INTO INVENTORI2 VALUES ('K11','T2','A',1);
INSERT INTO INVENTORI2 VALUES ('K12','T2','A',2);
INSERT INTO INVENTORI2 VALUES ('K13','T2','B',3);
INSERT INTO INVENTORI2 VALUES ('K14','T2','B',4);
INSERT INTO INVENTORI2 VALUES ('K15','T2','C',5);
INSERT INTO INVENTORI2 VALUES ('K16','T2','C',6);
INSERT INTO INVENTORI2 VALUES ('K17','T2','D',7);
INSERT INTO INVENTORI2 VALUES ('K18','T2','D',8);
INSERT INTO INVENTORI2 VALUES ('K19','T2','E',9);
INSERT INTO INVENTORI2 VALUES ('K20','T2','E',10);

SELECT * FROM INVENTORI2;

CREATE TABLE JADWAL2 (
    ID_JADWAL VARCHAR2(10) PRIMARY KEY,
    ID_FILM VARCHAR2(10),
    ID_THEATER VARCHAR2(10),
    PERIODE_START DATE,
    PERIODE_END DATE,
    JAM_TAYANG VARCHAR2(20),
    
    CONSTRAINT JADWAL_FK_FILM 
    FOREIGN KEY (ID_FILM) REFERENCES FILM2(ID_FILM),
    
    CONSTRAINT JADWAL_FK_THEATER 
    FOREIGN KEY (ID_THEATER) REFERENCES THEATER2(ID_THEATER)
);

INSERT INTO JADWAL2 
VALUES ('J1','F001','T1',
TO_DATE('03-07-2019','DD-MM-YYYY'),
TO_DATE('20-07-2019','DD-MM-YYYY'),
'12:30-14:30');

INSERT INTO JADWAL2 
VALUES ('J2','F001','T1',
TO_DATE('03-07-2019','DD-MM-YYYY'),
TO_DATE('20-07-2019','DD-MM-YYYY'),
'16:00-18:00');

INSERT INTO JADWAL2
VALUES ('J3','F001','T1',
TO_DATE('03-07-2019','DD-MM-YYYY'),
TO_DATE('20-07-2019','DD-MM-YYYY'),
'19:30-21:30');

INSERT INTO JADWAL2 
VALUES ('J4','F001','T2',
TO_DATE('03-07-2019','DD-MM-YYYY'),
TO_DATE('15-07-2019','DD-MM-YYYY'),
'13:00-15:00');

INSERT INTO JADWAL2 
VALUES ('J5','F001','T2',
TO_DATE('03-07-2019','DD-MM-YYYY'),
TO_DATE('15-07-2019','DD-MM-YYYY'),
'16:00-18:00');

INSERT INTO JADWAL2 
VALUES ('J6','F001','T2',
TO_DATE('03-07-2019','DD-MM-YYYY'),
TO_DATE('15-07-2019','DD-MM-YYYY'),
'19:00-21:00');

SELECT * FROM JADWAL2;

CREATE TABLE MEMBER2 (
    ID_MEMBER VARCHAR2(10) PRIMARY KEY,
    NAMA VARCHAR2(100),
    TANGGAL_LAHIR DATE
);

INSERT INTO MEMBER2 VALUES ('M001', 'Andi Saputra', TO_DATE('15-05-2000','DD-MM-YYYY'));
INSERT INTO MEMBER2 VALUES ('M002', 'Budi Santoso', TO_DATE('20-08-1999','DD-MM-YYYY'));
INSERT INTO MEMBER2 VALUES ('M003', 'Citra Lestari', TO_DATE('10-02-2001','DD-MM-YYYY'));
INSERT INTO MEMBER2 VALUES ('M004', 'Dewi Anggraini', TO_DATE('25-12-2002','DD-MM-YYYY'));

SELECT * FROM MEMBER2;

CREATE TABLE TRANSAKSI2 (
    ID_TRANSAKSI VARCHAR2(10) PRIMARY KEY,
    ID_MEMBER VARCHAR2(10),
    ID_JADWAL VARCHAR2(10),
    TANGGAL_PESAN DATE,
    
    CONSTRAINT TRX_FK_MEMBER 
    FOREIGN KEY (ID_MEMBER) REFERENCES MEMBER2(ID_MEMBER),
    
    CONSTRAINT TRX_FK_JADWAL 
    FOREIGN KEY (ID_JADWAL) REFERENCES JADWAL2(ID_JADWAL)
);

INSERT INTO TRANSAKSI2 VALUES ('TRX001','M001','J1', TO_DATE('10-07-2019','DD-MM-YYYY'));
INSERT INTO TRANSAKSI2 VALUES ('TRX002','M002','J2', TO_DATE('11-07-2019','DD-MM-YYYY'));
INSERT INTO TRANSAKSI2 VALUES ('TRX003','M003','J3', TO_DATE('12-07-2019','DD-MM-YYYY'));
INSERT INTO TRANSAKSI2 VALUES ('TRX004','M001','J4', TO_DATE('13-07-2019','DD-MM-YYYY'));
INSERT INTO TRANSAKSI2 VALUES ('TRX005','M004','J5', TO_DATE('14-07-2019','DD-MM-YYYY'));

SELECT * FROM TRANSAKSI2;

CREATE VIEW V_JADWAL_FILM AS
SELECT 
    f.JUDUL,
    j.ID_THEATER,
    j.JAM_TAYANG,
    j.PERIODE_START,
    j.PERIODE_END
FROM FILM2 f
JOIN JADWAL2 j ON f.ID_FILM = j.ID_FILM;

CREATE MATERIALIZED VIEW MV_JADWAL_FILM
AS
SELECT 
    f.JUDUL,
    j.ID_THEATER,
    j.JAM_TAYANG,
    j.PERIODE_START,
    j.PERIODE_END
FROM FILM2 f
JOIN JADWAL2 j ON f.ID_FILM = j.ID_FILM;







SELECT COUNT(*) AS JUMLAH_FILM
FROM FILM2;




SELECT COUNT(DISTINCT ID_FILM) AS FILM_DIPUTAR
FROM JADWAL2
WHERE SYSDATE BETWEEN PERIODE_START AND PERIODE_END;


SELECT ID_MEMBER
FROM TRANSAKSI2
GROUP BY ID_MEMBER
HAVING COUNT(ID_JADWAL) > 2;

SELECT ID_MEMBER
FROM TRANSAKSI2
GROUP BY ID_MEMBER
HAVING COUNT(ID_JADWAL) > 3;

SELECT ID_MEMBER
FROM TRANSAKSI2
GROUP BY ID_MEMBER
HAVING COUNT(ID_JADWAL) > 4;

SELECT ID_MEMBER
FROM TRANSAKSI2
GROUP BY ID_MEMBER
HAVING COUNT(ID_JADWAL) > 5;

SELECT m.ID_MEMBER, m.NAMA, COUNT(t.ID_JADWAL) AS JUMLAH_TONTON
FROM MEMBER2 m
LEFT JOIN TRANSAKSI2 t ON m.ID_MEMBER = t.ID_MEMBER
WHERE m.TANGGAL_LAHIR = (
    SELECT MAX(TANGGAL_LAHIR) FROM MEMBER2
)
GROUP BY m.ID_MEMBER, m.NAMA;

SELECT 
    TO_CHAR(TANGGAL_LAHIR, 'MM') AS BULAN,
    COUNT(*) AS JUMLAH_MEMBER
FROM MEMBER2
GROUP BY TO_CHAR(TANGGAL_LAHIR, 'MM')
ORDER BY BULAN;

SELECT ID_FILM, COUNT(*) AS JUMLAH_JADWAL
FROM JADWAL2
WHERE SYSDATE BETWEEN PERIODE_START AND PERIODE_END
GROUP BY ID_FILM;

            